FSM,Testcases,Chunks,Total Time
aim.test,1048576,128,39.726927
aim.test,1048576,64,37.252445
aim.test,1048576,32,34.478902
aim.test,1048576,16,50.435505
aim.test,1048576,11,4.50528
aim.test,1048576,8,46.252771
aim.test,1048576,4,39.516774
aim.test,1048576,2,38.552124
aim.test,1048576,0,37.742312
