FSM,Testcases,Chunks,Total Time
battlefield2.test,1048576,128,39.009377
battlefield2.test,1048576,64,60.469345
battlefield2.test,1048576,32,56.524281
battlefield2.test,1048576,16,37.916986
battlefield2.test,1048576,11,3.836512
battlefield2.test,1048576,8,40.123836
battlefield2.test,1048576,4,38.630556
battlefield2.test,1048576,2,58.810541
battlefield2.test,1048576,0,33.883504
