FSM,Testcases,Chunks,Total Time
dns.test,8388608,128,339.796124
dns.test,8388608,64,338.237682
dns.test,8388608,32,255.764513
dns.test,8388608,16,283.813881
dns.test,8388608,11,25.830592
dns.test,8388608,8,379.338809
dns.test,8388608,4,360.887121
dns.test,8388608,2,286.261335
dns.test,8388608,0,286.738911
