FSM,Testcases,Chunks,Total Time
h323.test,2097152,128,77.21851
h323.test,2097152,64,78.885555
h323.test,2097152,32,83.234092
h323.test,2097152,16,77.515685
h323.test,2097152,11,11.26992
h323.test,2097152,8,124.468337
h323.test,2097152,4,111.732751
h323.test,2097152,2,82.084083
h323.test,2097152,0,75.117958
