FSM,Testcases,Chunks,Total Time
hotline.test,1048576,128,38.530962
hotline.test,1048576,64,36.815657
hotline.test,1048576,32,56.3883
hotline.test,1048576,16,38.304257
hotline.test,1048576,11,4.55344
hotline.test,1048576,8,40.747171
hotline.test,1048576,4,38.950849
hotline.test,1048576,2,61.374281
hotline.test,1048576,0,61.332307
