FSM,Testcases,Chunks,Total Time
ntp.test,1048576,128,41.148969
ntp.test,1048576,64,52.579848
ntp.test,1048576,32,62.262524
ntp.test,1048576,16,39.743899
ntp.test,1048576,11,4.983104
ntp.test,1048576,8,42.071923
ntp.test,1048576,4,40.098345
ntp.test,1048576,2,38.812354
ntp.test,1048576,0,35.647978
