FSM,Testcases,Chunks,Total Time
rtp.test,1048576,128,39.756957
rtp.test,1048576,64,43.254337
rtp.test,1048576,32,51.525169
rtp.test,1048576,16,59.038501
rtp.test,1048576,11,4.722656
rtp.test,1048576,8,41.719152
rtp.test,1048576,4,39.849986
rtp.test,1048576,2,38.61938
rtp.test,1048576,0,37.958052
