FSM,Testcases,Chunks,Total Time
ssl.test,1048576,128,41.784663
ssl.test,1048576,64,55.068853
ssl.test,1048576,32,36.616747
ssl.test,1048576,16,42.635263
ssl.test,1048576,11,4.972512
ssl.test,1048576,8,53.909835
ssl.test,1048576,4,40.042888
ssl.test,1048576,2,57.152713
ssl.test,1048576,0,38.235462
