FSM,Testcases,Chunks,Total Time
tsp.test,1048576,128,41.946277
tsp.test,1048576,64,39.816602
tsp.test,1048576,32,56.490197
tsp.test,1048576,16,38.895603
tsp.test,1048576,11,4.53456
tsp.test,1048576,8,63.401286
tsp.test,1048576,4,62.19317
tsp.test,1048576,2,34.460253
tsp.test,1048576,0,53.421155
