FSM,Testcases,Chunks,Total Time
yahoo.test,2097152,128,76.408276
yahoo.test,2097152,64,76.974132
yahoo.test,2097152,32,82.965968
yahoo.test,2097152,16,130.604811
yahoo.test,2097152,11,12.515456
yahoo.test,2097152,8,123.529944
yahoo.test,2097152,4,121.630187
yahoo.test,2097152,2,85.855238
yahoo.test,2097152,0,74.936926
