State,Transitions,Percentage Transitions
1,2,0.00784313725490196
2,2,0.00784313725490196
4,1,0.00392156862745098
10,1,0.00392156862745098
5,1,0.00392156862745098
6,1,0.00392156862745098
7,1,0.00392156862745098
