State,Transitions,Percentage Transitions
1,2,0.00784313725490196
2,27,0.10588235294117647
129,1,0.00392156862745098
10,1,0.00392156862745098
5,36,0.1411764705882353
6,37,0.1450980392156863
7,9,0.03529411764705882
8,10,0.0392156862745098
9,11,0.043137254901960784
