State,Transitions,Percentage Transitions
1,2,0.00784313725490196
2,2,0.00784313725490196
5,2,0.00784313725490196
10,1,0.00392156862745098
6,1,0.00392156862745098
7,1,0.00392156862745098
8,1,0.00392156862745098
