State,Transitions,Percentage Transitions
1,2,0.00784313725490196
2,27,0.10588235294117647
293,1,0.00392156862745098
10,39,0.15294117647058825
5,38,0.14901960784313725
6,38,0.14901960784313725
7,38,0.14901960784313725
8,38,0.14901960784313725
9,38,0.14901960784313725
11,39,0.15294117647058825
