State,Transitions,Percentage Transitions
1,2,0.00784313725490196
2,2,0.00784313725490196
498,1,0.00392156862745098
10,100,0.39215686274509803
5,1,0.00392156862745098
6,1,0.00392156862745098
7,99,0.38823529411764707
8,99,0.38823529411764707
9,99,0.38823529411764707
11,99,0.38823529411764707
