State,Transitions,Percentage Transitions
1,2,0.00784313725490196
2,10,0.0392156862745098
164,1,0.00392156862745098
10,13,0.050980392156862744
5,16,0.06274509803921569
6,6,0.023529411764705882
7,14,0.054901960784313725
8,16,0.06274509803921569
9,14,0.054901960784313725
11,16,0.06274509803921569
13,1,0.00392156862745098
14,12,0.047058823529411764
15,16,0.06274509803921569
17,12,0.047058823529411764
18,6,0.023529411764705882
19,12,0.047058823529411764
20,2,0.00784313725490196
