State,Transitions,Percentage Transitions
1,2,0.00784313725490196
2,1,0.00392156862745098
0,1,0.00392156862745098
10,1,0.00392156862745098
