State,Transitions,Percentage Transitions
1,256,1.003921568627451
2,255,1.0
508,1,0.00392156862745098
10,1,0.00392156862745098
