State,Transitions,Percentage Transitions
1,2,0.00784313725490196
2,2,0.00784313725490196
1018,1,0.00392156862745098
10,254,0.996078431372549
5,1,0.00392156862745098
6,1,0.00392156862745098
7,1,0.00392156862745098
8,253,0.9921568627450981
9,253,0.9921568627450981
11,253,0.9921568627450981
12,1,0.00392156862745098
13,1,0.00392156862745098
