State,Transitions,Percentage Transitions
1,2,0.00784313725490196
2,254,0.996078431372549
2026,1,0.00392156862745098
10,254,0.996078431372549
5,253,0.9921568627450981
6,253,0.9921568627450981
7,1,0.00392156862745098
8,253,0.9921568627450981
9,253,0.9921568627450981
11,253,0.9921568627450981
12,254,0.996078431372549
