State,Transitions,Percentage Transitions
1,2,0.00784313725490196
2,2,0.00784313725490196
17,1,0.00392156862745098
10,11,0.043137254901960784
5,1,0.00392156862745098
6,1,0.00392156862745098
7,1,0.00392156862745098
8,2,0.00784313725490196
9,1,0.00392156862745098
