State,Transitions,Percentage Transitions
1,3,0.011764705882352941
2,2,0.00784313725490196
10,1,0.00392156862745098
