State,Transitions,Percentage Transitions
1,2,0.00784313725490196
2,2,0.00784313725490196
521,1,0.00392156862745098
10,2,0.00784313725490196
5,4,0.01568627450980392
6,253,0.9921568627450981
7,1,0.00392156862745098
8,4,0.01568627450980392
9,253,0.9921568627450981
11,4,0.01568627450980392
