State,Transitions,Percentage Transitions
1,2,0.00784313725490196
2,254,0.996078431372549
511,1,0.00392156862745098
10,1,0.00392156862745098
5,253,0.9921568627450981
6,1,0.00392156862745098
7,2,0.00784313725490196
8,1,0.00392156862745098
9,1,0.00392156862745098
