State,Transitions,Percentage Transitions
1,2,0.00784313725490196
2,95,0.37254901960784315
286,1,0.00392156862745098
10,1,0.00392156862745098
5,95,0.37254901960784315
6,1,0.00392156862745098
7,95,0.37254901960784315
8,1,0.00392156862745098
