State,Transitions,Percentage Transitions
1,2,0.00784313725490196
2,3,0.011764705882352941
257,1,0.00392156862745098
10,1,0.00392156862745098
5,253,0.9921568627450981
6,1,0.00392156862745098
7,1,0.00392156862745098
