State,Transitions,Percentage Transitions
1,2,0.00784313725490196
2,3,0.011764705882352941
2029,1,0.00392156862745098
10,1,0.00392156862745098
5,1,0.00392156862745098
6,1,0.00392156862745098
7,253,0.9921568627450981
8,1,0.00392156862745098
9,253,0.9921568627450981
11,253,0.9921568627450981
13,253,0.9921568627450981
14,253,0.9921568627450981
15,253,0.9921568627450981
16,253,0.9921568627450981
17,253,0.9921568627450981
