State,Transitions,Percentage Transitions
0,128,1.0
10,128,1.0
1,124,0.96875
11,128,1.0
12,128,1.0
13,120,0.9375
14,128,1.0
15,128,1.0
2,128,1.0
3,124,0.96875
4,128,1.0
5,128,1.0
6,128,1.0
7,128,1.0
8,124,0.96875
9,128,1.0
