FSM,Testcases,Cores,Total CPU,Execution GPU Optimised,Total GPU Optimised,Execution GPU Unoptimised,Total GPU Unoptimised
biff.test,3910,32,4.558342,0.296992,1.817484,0.56864,1.840112
biff.test,3910,8,0.536173,0.296992,1.817484,0.56864,1.840112
biff.test,3910,4,0.90291,0.296992,1.817484,0.56864,1.840112
biff.test,3910,1,2.410228,0.296992,1.817484,0.56864,1.840112
biff.test,256,32,4.417541,0.07536,0.571094,0.19296,0.545601
biff.test,256,8,0.017461,0.07536,0.571094,0.19296,0.545601
biff.test,256,4,0.026749,0.07536,0.571094,0.19296,0.545601
