FSM,Testcases,Cores,Total CPU,Execution GPU Optimised,Total GPU Optimised,Execution GPU Unoptimised,Total GPU Unoptimised
doom3.test,10,32,0.013758,0.048768,0.344947,0.062912,0.506141
doom3.test,10,8,0.006356,0.048768,0.344947,0.062912,0.506141
doom3.test,10,4,0.004959,0.048768,0.344947,0.062912,0.506141
