FSM,Testcases,Cores,Total CPU,Execution GPU Optimised,Total GPU Optimised,Execution GPU Unoptimised,Total GPU Unoptimised
guildwars.test,500,32,3.983406,0.372832,0.745138,0.500416,0.960459
guildwars.test,500,8,0.079689,0.372832,0.745138,0.500416,0.960459
guildwars.test,500,4,0.158121,0.372832,0.745138,0.500416,0.960459
guildwars.test,500,1,0.202051,0.372832,0.745138,0.500416,0.960459
guildwars.test,256,32,4.428225,0.362336,0.719297,0.391936,0.78376
guildwars.test,256,8,0.031778,0.362336,0.719297,0.391936,0.78376
guildwars.test,256,4,0.059016,0.362336,0.719297,0.391936,0.78376
