FSM,Testcases,Cores,Total CPU,Execution GPU Optimised,Total GPU Optimised,Execution GPU Unoptimised,Total GPU Unoptimised
ident.test,1680,32,0.109651,0.424928,1.231514,0.655776,1.396409
ident.test,1680,8,0.286909,0.424928,1.231514,0.655776,1.396409
ident.test,1680,4,0.473315,0.424928,1.231514,0.655776,1.396409
ident.test,1680,1,1.270066,0.424928,1.231514,0.655776,1.396409
ident.test,256,32,0.020254,0.11664,0.474153,0.225408,0.684446
ident.test,256,8,0.025003,0.11664,0.474153,0.225408,0.684446
ident.test,256,4,0.040368,0.11664,0.474153,0.225408,0.684446
