FSM,Testcases,Cores,Total CPU,Execution GPU Optimised,Total GPU Optimised,Execution GPU Unoptimised,Total GPU Unoptimised
sip.test,30,32,4.438005,0.112768,0.443982,0.156672,0.421354
sip.test,30,8,0.006426,0.112768,0.443982,0.156672,0.421354
sip.test,30,4,0.006915,0.112768,0.443982,0.156672,0.421354
