FSM,Testcases,Cores,Total CPU,Execution GPU Optimised,Total GPU Optimised,Execution GPU Unoptimised,Total GPU Unoptimised
ssh.test,10,32,0.013828,0.030784,0.263302,0.051456,0.311563
ssh.test,10,8,0.006007,0.030784,0.263302,0.051456,0.311563
ssh.test,10,4,0.004819,0.030784,0.263302,0.051456,0.311563
