FSM,Testcases,Cores,Total CPU,Execution GPU Optimised,Total GPU Optimised,Execution GPU Unoptimised,Total GPU Unoptimised
telnet.test,2540,32,4.313966,1.059616,2.108932,1.072704,2.193439
telnet.test,2540,8,0.905564,1.059616,2.108932,1.072704,2.193439
telnet.test,2540,4,1.56389,1.059616,2.108932,1.072704,2.193439
telnet.test,2540,1,1.646512,1.059616,2.108932,1.072704,2.193439
telnet.test,256,32,4.440659,0.261024,0.69143,0.428544,0.81044
telnet.test,256,8,0.033803,0.261024,0.69143,0.428544,0.81044
telnet.test,256,4,0.054127,0.261024,0.69143,0.428544,0.81044
