FSM,Testcases,Cores,Total CPU,Execution GPU Optimised,Total GPU Optimised,Execution GPU Unoptimised,Total GPU Unoptimised
x11.test,750,32,5.203117,0.376448,0.838516,0.636608,1.243317
x11.test,750,8,0.122921,0.376448,0.838516,0.636608,1.243317
x11.test,750,4,0.217696,0.376448,0.838516,0.636608,1.243317
x11.test,750,1,0.549233,0.376448,0.838516,0.636608,1.243317
x11.test,256,32,4.432486,0.257728,0.760085,0.343296,0.692896
x11.test,256,8,0.032057,0.257728,0.760085,0.343296,0.692896
x11.test,256,4,0.052102,0.257728,0.760085,0.343296,0.692896
